{"version":3,"hash":{"type":"Buffer","data":"t8xgJZp/r0lIGgyPTbfYkfh8yF1y93sKWgr4f0fXxDCWlQSEgl9hd9wIc7CwAYEuUvHmvK0KOLg7/pGO3Rqrp4nVNNSIDlAyqh9qqny36rn5kotMBbRLitEr+f/NsYeVi30Z2c8tal3JBaKQ07tKw0VSPg6rgbTCQjWK01+OJC4="},"indexValueMap":{"BoMz+AIRdEWQvCz4Xu1GsHsxorrkYyzOeZulTYuaiBE=":{"valueMac":{"type":"Buffer","data":"uoS59AYSAGxfyzZNq90LPmjGjx7YIPmkdiIECyUIFbk="}},"B4Ms9fT669sQiW9HEXbktz0hwAwY9ls750zvESfntLQ=":{"valueMac":{"type":"Buffer","data":"BK2ydwzJrUiLt9HGgF2ETOifg7ACyG9LVaKIVSAsCig="}},"DcrMCUo2KO8ykJS4GaeBtlbz70l3segKoq0bz9XBaow=":{"valueMac":{"type":"Buffer","data":"G05RuqFikcEGAJrMAogOq89DxCrTVNjeI0sLRY4QFpQ="}},"EqupWMhNH8xwEk1m2IOQ0PUdk/b6zI7VZ+5uKMDG+os=":{"valueMac":{"type":"Buffer","data":"txe91gFGMIVToWTZz+kUfgSL2NEK5x3vwEs3OKcB8lI="}},"GKJKvtsr/s8hmiULbWIXU3HoPrUKOxuLb7pWA0qSzQw=":{"valueMac":{"type":"Buffer","data":"5QsFxsMbOGGLqHbVyCLfZARXnQPMN4WAMZIhBuVHx08="}},"GYIs9IlAqr7MCRRozNjis+FCGxA8dclz5lywu1QMF7U=":{"valueMac":{"type":"Buffer","data":"TlycqsO/lFsA2oXRoKkglOHLSQ7PVzsYV+0FTaRccw0="}},"Jg2N7Hl7DI4FgNoQO/DktWCY2BqTvttiAtepXkpg3Os=":{"valueMac":{"type":"Buffer","data":"VHc5i1rsyPNpWu1mtnrX9ufGVY95AiZiY9TwpZ644mc="}},"OgR1VlIkLUwjNGrDHs1QCmcUEvH1J/vnZA/xNSfxDLo=":{"valueMac":{"type":"Buffer","data":"pT3W39b3anVb22OIv53o/nSfDR5s4gmN+VStMMu7R3c="}},"Or9LOhvBWyyUdJrwHvgQUT1MCUIuLIxzHMDww8fLNyg=":{"valueMac":{"type":"Buffer","data":"NImYZn+Oa8OjlbzbQHFwgtCidmvRKyRjo7Bah9uahIE="}},"POPCFkfzbj11+vYDbw5FpDjxwoiNMbR3KW6rOHaONfY=":{"valueMac":{"type":"Buffer","data":"rTk/Sjh5ULkcUw8duZ2GAJJV8J83mQUjGzCwMSJ/Rb0="}},"R0vYYMYViD2U9fM2kBfmOEp647aEAlqEQHJtmrRosuI=":{"valueMac":{"type":"Buffer","data":"XBgEbmpz37gnUH5/LuUH9Av6xHnubQVM8Dj/8hChD4Q="}},"UJdKSi9u6AuSPxqu1Cq8X+HQBBYPSIHVoJOMREUv9bk=":{"valueMac":{"type":"Buffer","data":"qHbKuQEfKI1nMylH2IDY7f4IaBVPIBwoMYF9D8cC9K8="}},"V9WX0CaaHBvKC+XVeT0l9GglOyp66Jez51VRKa7LNg8=":{"valueMac":{"type":"Buffer","data":"8DbFFa7oolOaKmCN0ebjAdckZnuDW1MKJSwpZeLde3w="}},"asAYR1EQUeYJBRSqI03gjPXuUtgUkVyvUjU8gmIFqDc=":{"valueMac":{"type":"Buffer","data":"n+FVXbv1yzIqvRd0J1zbPMFv/a7Lh8MBf4EYZjd2fgc="}},"gQ2kzNk/YUcGjqF3/fAMdON6W0FK2iloDmZOsxMxuM8=":{"valueMac":{"type":"Buffer","data":"rtB2cUx8WFEvrVbBOkF4+Cy3apd+abjS0oS9mfMeFYI="}},"iIy8mZw7rLLdY0rGpUiSWqyrST7k5ys64m4A6ruFNQk=":{"valueMac":{"type":"Buffer","data":"aJAF9E8gZdeJJmxAKjRX553EC+sOX4uql5IrY6PiQXo="}},"iKOVWoawWxglMLRVvEnxBUZs2ZOMmY4J0XH1vcN5tJA=":{"valueMac":{"type":"Buffer","data":"dgWb41AXMfLk7dk9jAYM80MHxaYi9WeX6cUYif/PMQ4="}},"iRPgX3NuR/QDBkoevgkh/sscp+0JrGJmrRPaOyOD7Zo=":{"valueMac":{"type":"Buffer","data":"k1DYc3Y2H3mBwAHOY2oe0HZan0Vt2JnSh+VURJkRPiU="}},"kpnUArhSAoamXEfrGg+vUTdnbI2rOfvtPxaDLx9o4Sg=":{"valueMac":{"type":"Buffer","data":"/DxbATmz0+rEocRjpmzbdTP7z236mmy97KEKl1C2VYw="}},"lU9j5xTzKZwOtT8p+qABNI6u+wG7IL5uhGJ8fzxu0H8=":{"valueMac":{"type":"Buffer","data":"OVKc6D1H7Ajc/c/rgN0xs7NIIPh1yuVMO7GD4zi9ulk="}},"qqv0ZoPGW8m0tWZIaTqIiVJ/Q1wjBR8aqmEL2mvYc08=":{"valueMac":{"type":"Buffer","data":"3+YSXXT4sqhOc4X4LcZxFoDVpjtK8ukzHgFtNb+lm+Y="}},"u2YRTr2jVwtS4kw52GT3LN5e0AAqOkn1KFZMFE6zRm8=":{"valueMac":{"type":"Buffer","data":"1Duc9If+s/L/7hkGFYGMJQSbUXZjXSAx78liUlYinZw="}},"v4k4w8cvPS1EjFz4vO5gO2NB0mB5JVKJV5+TnuJ6jbk=":{"valueMac":{"type":"Buffer","data":"7OyzJWfX4WdnMo6aPBbb08LeqaIkhhwJPF3eNCy21YU="}},"yH8+eURPjuI7/SI/Pxz0Ff7jPUc1m/N3cvwmgRvAFH0=":{"valueMac":{"type":"Buffer","data":"srTzj+81mWeFPfbMEo4l29ARbWkpslT5IuKzeIxERP0="}},"zboSWtNKrnQc5khtarW0mA0KEZSGhP0JLIw0pOhknxs=":{"valueMac":{"type":"Buffer","data":"8Da1ADmj1h4dNtEymx3nYAHJnBlPJ/80xPH48T4GeqM="}},"0fNDcoSF4bPOCbpLXR8Qyk10gn6p+/I1hiQkP0ckdcc=":{"valueMac":{"type":"Buffer","data":"GXwrk31ZctIZ4VEV0RafEKG+SANvKghl78H8eVY7Wh4="}},"2b/jExA+7j+XE4s7/naMpjh/fAvX1MGfuPGGwdpUIxg=":{"valueMac":{"type":"Buffer","data":"esIKcoLAr1+Wm9CrN9jEbL8J5z1H0yPM97Sfv20/8cY="}},"53ZB6o9OQIIsBaEtq10kMoZSC6S3s+hhtZRS6YPuWGM=":{"valueMac":{"type":"Buffer","data":"cGZL0cR9FDGPUE9Ols0mV2xQyDFi9f+lU32mI0oCwCo="}},"9Wx4nk5lanDAVxXCubtBr3iZp8COcIm8d4D3rcgFV9c=":{"valueMac":{"type":"Buffer","data":"mxD9IriVHLj6ateHhyCxjOi11CKjVsbxJXGnrmhawLA="}},"+jJ4cgJR+/T7g+DI4Yuh93WDIjef+ZdCRvwRxAjxY8E=":{"valueMac":{"type":"Buffer","data":"gD8/7NJv7dFfMpqyzGIVLl9XjN0Y2Fi10lKZi122qZw="}},"/XeXIu1zEAz8ndzfkIhI2KYUIIHOOdraJgLOPZe0+yc=":{"valueMac":{"type":"Buffer","data":"F1YeliuBL+w4jleO16ZGX0ooSs2rAPZ4TntBSsiNaCw="}}}}