{"version":1,"hash":{"type":"Buffer","data":"BfdQzGNtPFcdhtYtM8ot0THHilongG9NniTrj09zbW4/0B0K7vWkBphFNwpdlC5c9FYxR6Rq1nPpm+VfEYMdHJSphy64ZJmYX9NNiURkrbvD6iN/SIHI65m+P50cmoV9YYKz0KwEJXCCZHYVU48ssvfOAmJmKAtu8aeGVHF1tAQ="},"indexValueMap":{"uyMEAJUWUeWGWBPQk0X1vKWkN1+X+ZDCeHZ/tmNy9i4=":{"valueMac":{"type":"Buffer","data":"n5lTscclscVbqS/9/4x9HHMc9bBjmwpoaN7uPdsWa0w="}},"24Q8KCQzJE09rIb9kVauXhc4KjpSJ0G9OfwhWnaYCFc=":{"valueMac":{"type":"Buffer","data":"3UrQnwbCoFAU6ELfsxJjMrqKC0AwhdwCuoqFvqowuqY="}}}}