{"version":21,"hash":{"type":"Buffer","data":"v59q1zQAuxGkX+NYH++uOUdeAuL0ilhQQS5ln0cRFHmcW9IomxfACfoo92RsElXl9w9+Mtgb5758agKbSiBVgbJqZUT0cntjEm9vIkPRZURsXfHhIV+La2uUEsPxHQQI/7HtBTebmHbYU6lu/NkA87LAKf80loa2VRxu6YsnyjM="},"indexValueMap":{"AqZe2SvOB/0MGEYqZH8x48PUsMUA7Hk4pe3SFbcq1eI=":{"valueMac":{"type":"Buffer","data":"kxptx8vVs24vc5lWbadwq0+X9SxxGO/AejzX9LHu9TI="}},"A8zfqRqwgsOomiDbyT4lcCqfaWXC5PSeaP/cAdikP1s=":{"valueMac":{"type":"Buffer","data":"8hBlC4eU1SzzQauq9b51Wa4PHlYlgp7GJzvy5kgzbyQ="}},"BguL6OsyVLCn8c6SEvyXJ/u+ukU5PTc64Uf9j+9ssoQ=":{"valueMac":{"type":"Buffer","data":"3AwuOnMkQj7zgHOu4G3hAHDC+HpWM733fLmTGlFm9BA="}},"BuoUuTcGOhjbvaoaDx/2RqR4EaKkkd6SNH1zUfz1G50=":{"valueMac":{"type":"Buffer","data":"LBueXvkTtrz+GT/4CPvUwu37sxsKMf7LiBNeFSyBHuI="}},"CN1HI8Y8hEUW+1BZIJoXRYCZwSejINHJHHpGzP7zDsw=":{"valueMac":{"type":"Buffer","data":"8fvS7a3wZRLAzCvNSQWU2XoGEhyMdHJkOYJ/ahGsqYo="}},"E7STaailgr2IY7wGlisVNnOgttbZlKTJ8dbUtjt2Tyk=":{"valueMac":{"type":"Buffer","data":"lM2C4ASONUUyxw9lg9vcarElJfQwsuX3Tx5SsB8Ds6E="}},"IhDJuGzvGiLwClthUQHtWos2XwM+gWW9w3Zt7V8rwCk=":{"valueMac":{"type":"Buffer","data":"Ax6W5wlIu5fm6uTHEPzHuoIGBj0wOeU+6ESsMfqt7us="}},"I9Dwsijktc0dmmtpkHTuAod/H8IXk+PKDAVoFSv8iPM=":{"valueMac":{"type":"Buffer","data":"fDRi4QDtKE3WMBSTY2a7n/puPXQZqcSPj9vUA4kZMJs="}},"MGRIJNsrd0VwcusYuJCkW9Fbx0IxiosfS/XfcotKrwI=":{"valueMac":{"type":"Buffer","data":"/6NJxMUW75e9ntpa1Ib4AQvYotkcSwDw6vbH4Sy9iJE="}},"Qe5Y4OUTWJDUf0I321HzISFUYHLnviY+NS4ge6kF/3o=":{"valueMac":{"type":"Buffer","data":"if1SC/NYmVUhtl4Ih7d08TZgfwAjeq15y+EUAE18WuM="}},"Q5EBH4CGZuNIZF1VJoA7140qH6M4QD5KHnC6s8OdsD8=":{"valueMac":{"type":"Buffer","data":"OBuqrSGYZ1GG2vCkWp+SNqszj40IKrBJ3KViA+RIg6M="}},"Rn5EA1un/zanNY4OsSoDneaC5HKAnEuvhaicotBv6eM=":{"valueMac":{"type":"Buffer","data":"GYozGZ2xbuvtxL83/5jj9Spim9dSWZeNlffjke4swDU="}},"SASG+TRVBxbh1jZyNw88bIkKankp3L1JJeiiP7sG5JU=":{"valueMac":{"type":"Buffer","data":"wFltzoFvFb4U+KOi+rHk33bnCtSrrPVnXKHMCJYKLvo="}},"d7IeZALzhus4Tq11HrJym/U/cQOyRmIxjQ1LsZvGukY=":{"valueMac":{"type":"Buffer","data":"jEp7sQrzZKKEFy7E2OYr3a3PTHiBIgwIczzqYmeZwy0="}},"hIug+r8LqtdfiUb2e2cjhSoqjAbwfWcuuCqwwnnNjGo=":{"valueMac":{"type":"Buffer","data":"wuICe9tZ+GzyGqH/tc7qd0hPZeqKA75YPJq8nX7eBeE="}},"hKjD18LFaj4R+98zYiBnh0WZ0wHCgOAB8p+4kWjcTCo=":{"valueMac":{"type":"Buffer","data":"xkj7iQ3neiZZLKoSRUmuzmePnswyTnB9jtXsRmvUCiQ="}},"h24TBi9yGkiLO8v/M4OrYfCj7b579DvkXipJrQYjZqQ=":{"valueMac":{"type":"Buffer","data":"3+3zqA8uVes/DdfaysfFfFMEbAvBS2o92IpbHvPx1cM="}},"kJNkzlsidCUQ99ZQiiln4IGv1C/jobP4J/z3/5ALWKA=":{"valueMac":{"type":"Buffer","data":"rydELBovHb85YEHKXHYmMAayVHoh9oOQKdBK9Qha60E="}},"leNAVjiVTQMatD/fO5chg4U21DIifXk2smRE+62rOQ0=":{"valueMac":{"type":"Buffer","data":"AIJLErevgTKjqYSQ5nOplmNdOSVYnC12Icm3BkEJHlQ="}},"l7mzF3BvFi0Gcmjr9LM3fpyb+Br1LVfAs6XGe1XjtCQ=":{"valueMac":{"type":"Buffer","data":"DSpKJNq9p2rg01biAuOSF/Zse/u42NpbniJPhMXaWdc="}},"pJiSt3EqRmUK1u9yhgMZTS7ISRvt54ADcTdFaDm2XfQ=":{"valueMac":{"type":"Buffer","data":"p5zmdXgRaMnPv6LVFcn0JEe1ClSXhMcnTzpQd6CppWw="}},"q1eVQU6UGF6P4lOISqamktXcCCbjIU/KaO/umhsBNis=":{"valueMac":{"type":"Buffer","data":"a8IioWd1Gveue2ZehMlySKteaJrdT7J663GYEyTQrEQ="}},"r+pJMcT3gfdCYOjsCYKI0YnqyEDa1+xMGzTIjroRe04=":{"valueMac":{"type":"Buffer","data":"oW6GeFvJlSoOi8tUSe6u1XyWi+Rabwqrzq0XW3+N4OA="}},"4PPyNaycn6aUSSkeBeDq6RqDlS4L72IhbI0j082GCug=":{"valueMac":{"type":"Buffer","data":"kloXbyjFb3wtwMAGVjwjSiHzAdMmSZBH7QN7Zy0o2P0="}},"776w0DXZpgkh+7BPDvmOBSp5y2D2/SWEi/l3AE1+amg=":{"valueMac":{"type":"Buffer","data":"+rOKuFmsMo5CFHE4lNW8fNrjfqWl6J9Fyic52sypc8s="}},"fvH3YD/yecY+8PPKNtaE5znnoXnNWhMXln01EtIqwUU=":{"valueMac":{"type":"Buffer","data":"OitLjVvRSkhjK8RM3xIBaeCb9tL7l+5/m7WfwWVqe3Q="}},"0iyi+egMWTJwMBZAHHsdblwlCQHlCx5fFNZviTxrS50=":{"valueMac":{"type":"Buffer","data":"iJPgc9RDPuL9FSSn79G9TXIew3kUDIrpAQFt1Gqpfis="}},"fHQpcI75+dHVulXv977VroJNFQyAHXeCdWEkPnvv48c=":{"valueMac":{"type":"Buffer","data":"3IXAFCEPSkvow7seLtyo53QeDVEUfQ+cy2x++sn1vKE="}},"BCDsGiJOCmXYi7Hm0I1r1wdGCgImZ1XVcwtOUH4qq44=":{"valueMac":{"type":"Buffer","data":"h3c3BxM85wYgNMxW7Jy/PqzgNO8wg+Juf7iabfg+AgA="}},"mm6y96O+gsNBQlyffHpf49dAdl3KEXR1xNLkm+O2TQc=":{"valueMac":{"type":"Buffer","data":"ajovJ08Wv5EMjixU47pTexiDe+CuBf63+gygsZX4B/U="}},"MXPhSKYP+cXF76fhxT1QIPcn1k6CW0gTVOWXftpPlDk=":{"valueMac":{"type":"Buffer","data":"lC+kLuFv2A9Tf2Ruyve9wKKCadTUuVKX4bTEmNZRkGo="}},"2+gi3vImQNy08Z0L0+iK5G3bqV0FEUjYgt9C/4qQ+GA=":{"valueMac":{"type":"Buffer","data":"ed7wZM5K8fve4sqJuiGul0Eq3gmZ+JxfzGeY9dAAr0I="}},"h7vrtsh9L6GTLnWU2SykPjSossqjivbV4KiYMrjXIr4=":{"valueMac":{"type":"Buffer","data":"/uhT/1CgqFt5/X4LDA7s8wFnUlSt2OOaaas6Jx0hLMQ="}}}}