{"version":20,"hash":{"type":"Buffer","data":"lLjdAxi0PnO0DEZWbg+luYDpO0Ycx2PeLTe7Cs7nETfHR0JTppfVoaZ/HVFlTptW9fciLD+3rO6HxIibJpM8dTnp7zHGK6pQj/64jMfXcE7v3H4LbpL29uks2FgJtWv5BOqOQn4vWV6NeX/j6IHQ4XxLUkOgqgG7+XI6Jee1dvs="},"indexValueMap":{"ARCiqxCzYrM5Ct3m4qs7nzomrwv6Ur7KWh2k7Q43cpg=":{"valueMac":{"type":"Buffer","data":"19zKZd7in/cLW23w25JB8ktuwoTxcA3enLzLDd0kISQ="}},"BVJSUxduwQDSujuO0DGpQDhXRwHhlH3TIH/qIMD5yZI=":{"valueMac":{"type":"Buffer","data":"XShxlk0hYMCaNG06f7sErFowzYiiQNrO3xGTIIqb1Ko="}},"FCNYt38kZ/Vr6FlIdMbs1AanOzUQ51Yn7JHP4yc2Tqs=":{"valueMac":{"type":"Buffer","data":"PxKeHzwhLUBD6FkAmDM0aEoJ/k/ijg05Mgu+o+TB5ZI="}},"HXudJD94txgpekXHWpTasA6envHmiMzKCENMiNotMtQ=":{"valueMac":{"type":"Buffer","data":"5ggYv5jyKp7+Pzh2yTFTzucEMytpXUQDSyugiiP1d08="}},"J33RpDZjudIfavddEQgRLplSPhxkn2Jxgt+BxQB6Lj0=":{"valueMac":{"type":"Buffer","data":"WnKRA0FyoWrcbeLLFXsN8eIJsaHFdvJL7cS8/7uxQWQ="}},"J5vS9ne4XyxfgarLCHxFGqzGJUSOHofG67gRsq8/4YI=":{"valueMac":{"type":"Buffer","data":"Nc9j7i9LiG1sLUX+G+AnsV6CYguflWOfd+jqfZZ9+0o="}},"LLwQgQ+6OJsrVIHOokMq5m/cSxhS/svevsRpuRGI7JM=":{"valueMac":{"type":"Buffer","data":"g3zrVQJl5SsSBkb9vcjaqDUz6wX/kRYbmWyr0Inw/As="}},"LY3q6HhtxjOyS0zOHBuC4ia5rgFQfgk7IfugNT6iXV4=":{"valueMac":{"type":"Buffer","data":"CF9ThZv0ftWeO8BLgM2xhTWUMKg5qPCt53Curz2qd4k="}},"MkoKazwie8hUhymNVHoKttnezyaK9reQdDGyskwF/BE=":{"valueMac":{"type":"Buffer","data":"+LqSjgNf7yXNRgz/3RPFIrsqugWty9U8IG4SiI7T+Fs="}},"MnlZ8+wwlfIu0/cgSONuBAprwEXbcMfPFQ0Cl5r2a60=":{"valueMac":{"type":"Buffer","data":"OKkjzMfdgxSUkoXqu0XYPNVzoM3h1KPwR5A9oOVIZuI="}},"Ne/VbxSK8nsGEZM+Zg7wFjqyCmB0mOZB+S3DPyMcI+4=":{"valueMac":{"type":"Buffer","data":"jmNecpMIFcGoJQpLFkoku2fXGTrD3gDdE8Zm5C9RfJ4="}},"RGdWj+hHw8N0osKeOBgR0XfYu2VaUBDoTH6s8TUdtEo=":{"valueMac":{"type":"Buffer","data":"TFeHR0XEgUVSbVn8X+NFl3gvESiZHFIGza/K2Mtl9BU="}},"RYmF3lzGkMpDxWYmoDGj0W3T3GS23HCpXOWWDlh0Q60=":{"valueMac":{"type":"Buffer","data":"NIcP3ZaZB4cnWbDFDnQrsUELBZPO4pA4hnbLNJUcu/w="}},"TVza4BDWj8fEVzqZnlO6Co7FV7ic6l656KNmeqza+kc=":{"valueMac":{"type":"Buffer","data":"OFUZLeSupKCDs2m7YRdTSb3rsZY4LQu9zg0e3OsDq+k="}},"TwcChCVvJBRrTcW2wwjVaEEQiBvS9LsyVDU7UHmrKYE=":{"valueMac":{"type":"Buffer","data":"k8SLZXuxx8GQ2uftDAUOeieonQRyhdu/WflON1tpg+Y="}},"UFFPJ/pzStDvuAYAq0uGuLZH5Go3fRRrh8TMSJeTEio=":{"valueMac":{"type":"Buffer","data":"+qgiT77ebETUnG+uhNapfKbrADm7QrtgX2372AHQcAQ="}},"bJqj3B4cUwlFI9DpYuxICWQgGUOotBnv+7KQCylsAZE=":{"valueMac":{"type":"Buffer","data":"chO6v39bhXpvg+g1qpqSPE6T+5uJYNhgq6M+sK0JbRA="}},"dzvlXMDsjdOgH6AQ/47Z45mrVRHyDjCBt3dnz559/2g=":{"valueMac":{"type":"Buffer","data":"S1jhjP+FmkWL5j18lsONWtuRFrZDfOzz5rxuo944BEo="}},"eGkkAZFduFdnE5t34HAfh7cYm99sOJfeQrttjfDkE10=":{"valueMac":{"type":"Buffer","data":"igFKNHMjrQN1fSHOx+kz6H2d2oK78+SYEduUO+kIf0w="}},"ek4hYkFTcJjFHddiZK04PjyH7BSLSPRHMpOUZRRDVck=":{"valueMac":{"type":"Buffer","data":"1sspZjNxxY62E6LOsqOzoRShcL4y6cYGRxiSymJj8Z4="}},"hLZvtkT+CuV5Fgr9Ico/m8aqULk7LGFLpvFV0f5+e7M=":{"valueMac":{"type":"Buffer","data":"fULO7PCXrlY13WXWKkAOOSDTBwD0ErNRLK9/uESIgxw="}},"ip7WlIHtDq9k+ppA70TvIo9Fwg7VcD1QqLJN0N3Eu40=":{"valueMac":{"type":"Buffer","data":"rbx9ksUfm1/6dbnBV5rq/B2ayyYWBwu6NUR5AyCLL7U="}},"lzSjpsEDmOAwgsEHntoBv3gbguSxMbnuTV6jSRVpghI=":{"valueMac":{"type":"Buffer","data":"QboZYdgbKtOZJFudMG21KB4cePfCfj/jl50bTPwjHBg="}},"mTugJQFceXzyR8s9nPaeUodPIHfgDMzoyvULi4U8occ=":{"valueMac":{"type":"Buffer","data":"4cKR6NvbOOEAx1h/ZQl80jU7K5D9OpQnUsKeTyCJTCc="}},"nUKDYwsrZTvjW7HFG74rqYGklbQBBQTtKBrZwMEKFDw=":{"valueMac":{"type":"Buffer","data":"CUtl98Wl08qu4Zzlj1Nem5YSymc8zIHHWBc7krVigQs="}},"ny4PDvKDtQeYegSvLq6pjyy2MhKZ+nVGpsyyO8zRJlE=":{"valueMac":{"type":"Buffer","data":"AzGNUJSprhl5gQgEQXxIRey4U52dqlyryi0PJoY6Tmc="}},"psB+U08rQ6O1wQVOSneq5VVAtXojK2C196hR76JCr+E=":{"valueMac":{"type":"Buffer","data":"sk7jTqUhGGVu00ZxWrM1bT1pZr9C++MqgpTBlDGDY8M="}},"p7GPR596GvtK1RtnDNiRoTKmWsbkfg5k/hO66z84geU=":{"valueMac":{"type":"Buffer","data":"yQQm4DKrc8sS732uIMkmjStxKh2YAFEJJPEGDQFI3no="}},"qNYT8T0g1KsJxbGtOYzH9BFdyHvzYlq+B+IPuPiKdy4=":{"valueMac":{"type":"Buffer","data":"xWTkKZyBn9uDSpJzYg5v0uKnELpf468rGX98f3hqeiA="}},"rgcyGKY4wkrw6hxM4sBbeq9a5vIkGUHh5zpToMCUDvg=":{"valueMac":{"type":"Buffer","data":"Hhbzg/7XzzaKM0MMAUPRxpv1I0ww1XuByuzoeTW/OoY="}},"sPFev7velxACsghWUneE+OxIruK5qndUs0hs5y34Nm0=":{"valueMac":{"type":"Buffer","data":"Bd5CBKk7mzT/HyIIsZKr3YvUltyYzpLCuqdK73jDqKo="}},"suz1eIqMq5nyLeWlkLGoZ86wj+zgM9CLeW4MakYHbH4=":{"valueMac":{"type":"Buffer","data":"HkXgPA8u9Pn7+BIWzF4C8c6Jd7R8XFaQO5A6t9NwSMY="}},"tzdXSSNXEsGDTRXMoSrSJteZEfmgeqsd3cOltWyBQ74=":{"valueMac":{"type":"Buffer","data":"/EoFETjV+CBHWqfZLLjBdNJYDuOuK4butwcGIOddc4o="}},"v49qUzmtR2IiLUH2WE6996AboTD6JXW69g4DxhfC9Wo=":{"valueMac":{"type":"Buffer","data":"i/7girn4r7VzyJu4UevUnCUDdmUQrUDCH06zkvxz274="}},"wFI6+PFO6RT0o6R8wWEbbkhG8mnVQTafsZA8bC0xOog=":{"valueMac":{"type":"Buffer","data":"TYfDIjhULlHzsyLAbUMAUelqAhebeeuKiRPq+N3+7As="}},"wkipeHgpXwJn9yIWFb+YKbYDkvqhNh5P+WOhbqjLSDU=":{"valueMac":{"type":"Buffer","data":"7WMcsnQ5HzagGKwznfP+8smsfc/nSCqkWfq+d7OHNyA="}},"wsylty0+w92NUM3eqnIZ3fM9jtC1fc1mxBN8vCTMrNQ=":{"valueMac":{"type":"Buffer","data":"7KmN++ZZFd50xumU3EoreZA+jIysmFqqfEYLwJWA/kQ="}},"w3i1OkoYxUpYtC2bWwwKbHgmc3q6f/NGTAA18kl9YxI=":{"valueMac":{"type":"Buffer","data":"U/mQPYhGRY/D0pwK/cfyEXXqbRZCh458MJkK+tveZ5E="}},"xlWjcC4h6VAi8r5U7c7AzoS5B3DT/3Wh7r3t1qtsE5g=":{"valueMac":{"type":"Buffer","data":"TOkOkL4GMm93PcybauSMF5ktQNE5WWxz5d/wLIo5ukI="}},"xuCq6HEcFuqqn0wUsYNbm0rN3sTtjd+wy0iT4MVqV9g=":{"valueMac":{"type":"Buffer","data":"XoV3YWMY1Wj8LFZJdUcJPqx7IodzEkeeEV6ei+N11lg="}},"1rQLrR7yhhiEssc75airfI7stfDSrxS0ovYRHFak+Eo=":{"valueMac":{"type":"Buffer","data":"FlxIOB8x1QCXyuxZUrb44iQbxfipEX8XPO2bGOsSND0="}},"5gVoyZd1eLniSNc3ybbaohV7kjr80eY5YJyBvfnGTuQ=":{"valueMac":{"type":"Buffer","data":"UsvnMalev8+1KqHmU5zI5C7h7/uBvsIhJU6I7sG5WLQ="}},"7a7UeLAOmNZ7aqY2v3C/oDHAVZPSIq/l1X+F7UrViJg=":{"valueMac":{"type":"Buffer","data":"ROuz73YTyWYnKsT7Q0z8h4eBHt8wKLVSgaEN7wDexJY="}},"7fPH5uIYOMtxEc65G6ekbA0cYPWxKOgKTnKyiM+Y83M=":{"valueMac":{"type":"Buffer","data":"t1giuPkkqd3xBjYiWJj5lQWa8FKLRLu9Q4mquMNntPw="}},"/vpFeKRzMFATAh+aj0ILBeMHuampPJ0Dv55Lj1KoUGc=":{"valueMac":{"type":"Buffer","data":"ZEPbx+1RbIj047CIOoTXb+we4SHsh4ZqSDcqRlbzsX4="}},"oZFx4Nmz/6/jWpAmA1a95+zOfvYlVedTy8Ux63f9+MQ=":{"valueMac":{"type":"Buffer","data":"rOHgtGWi56J21g0KnWbQH64M8qdJkmOpwn1RohtJqto="}},"LANtQbLtN9xYyMVmBVHEnssdR6WThnPxmC4TNyF92jg=":{"valueMac":{"type":"Buffer","data":"QS4Zxb/y2JJF4H8aKqAEfw/McaLBrtqnhySOtvDhN9E="}}}}