{"noiseKey":{"private":{"type":"Buffer","data":"QB1cEG0o0H7i5XHxXwLZE79AyaDCzvdzOeqbZ5srI0s="},"public":{"type":"Buffer","data":"HU5sf557EZfG/1CmCi5XGyrxD97c1Xs8ks60WxcZ1G8="}},"pairingEphemeralKeyPair":{"private":{"type":"Buffer","data":"oOOvuXvGhEpiYRGp+yX5STLpLa4jyJrHhdwGoahV+V8="},"public":{"type":"Buffer","data":"aj1CpTUAHBqxB99kCGVWpqy0v33jI1UhchgbHRzP8E4="}},"signedIdentityKey":{"private":{"type":"Buffer","data":"0NFUv+gVvouegvkLHDOe+oecBg3eAqLWuYAj1SOxunk="},"public":{"type":"Buffer","data":"UC6BB0Fkzrk2TZ/Zj2Z7KqOsMggcrWoJAUaW+qp0SRw="}},"signedPreKey":{"keyPair":{"private":{"type":"Buffer","data":"QMWBzkEWAtDILdfTLXNaenS19MAkVH+bqtohxdRuelg="},"public":{"type":"Buffer","data":"PNYJV7LgLgiHO+N6gAV0+8+we6UzAXgBkyUHV9Y2ey0="}},"signature":{"type":"Buffer","data":"7vDWeA0nmvZu1fvSSjYO/NvT2aLUEkXpCxbx+Ov3OYDgZblqC+wQyv+Kq3QS7mCJPcAqbj+QSpPcUdEd/Wvrhw=="},"keyId":1},"registrationId":165,"advSecretKey":"NTSYAcq90SYv0/kWJTtu50kGSRjd6rhs9+85W0rXvsw=","processedHistoryMessages":[{"key":{"remoteJid":"6287837703726@s.whatsapp.net","fromMe":true,"id":"35422D61F0F321FB62E885B91C674FE8"},"messageTimestamp":1737930400},{"key":{"remoteJid":"6287837703726@s.whatsapp.net","fromMe":true,"id":"CC0D31F4C0DCB4A6498B2D3D230B3802"},"messageTimestamp":1737930402}],"nextPreKeyId":61,"firstUnuploadedPreKeyId":61,"accountSyncCounter":1,"accountSettings":{"unarchiveChats":false},"registered":true,"pairingCode":"TLSZLYDC","me":{"id":"6287837703726:82@s.whatsapp.net","lid":"200163159224394:82@lid","name":"f\n￶‍\n￶\n￶‍\n￶‍\n￶‍ㅤㅤㅤㅤ\n￶‍ㅤㅤㅤ"},"account":{"details":"CLnTjc0DEJPt2rwGGAIgACgA","accountSignatureKey":"erozddTW6RA1GXbdB2PZY3D8Yktdcu6k49owsEM52Wg=","accountSignature":"MRGZLPQ6NH5RRJ+CxyJIRm+ojB+9otOBNyoBzslzdpJcnP2vM6GMwmuaV/ltNn8zdg/Izcn6SqxICBKh0nbpCg==","deviceSignature":"tQWHy0ynlL1mhSKe6CeOH/MK3+nSzkHXaIqe8JA+/XsaIvueeL+Ha0fw+JYkeBdHopUpXKrfuqBqM+TKE5cygA=="},"signalIdentities":[{"identifier":{"name":"6287837703726:82@s.whatsapp.net","deviceId":0},"identifierKey":{"type":"Buffer","data":"BXq6M3XU1ukQNRl23Qdj2WNw/GJLXXLupOPaMLBDOdlo"}}],"platform":"android","routingInfo":{"type":"Buffer","data":"CAIQAxAA"},"lastAccountSyncTimestamp":1737941410,"lastPropHash":"1K4hH4","myAppStateKeyId":"AAAAALSU"}