[{"senderKeyId":1023383069,"senderChainKey":{"iteration":11,"seed":"16r3HZAgL4sHjfryNhiyR398SS/lc4HzqX/168TaNSM="},"senderSigningKey":{"public":"BV0wPvTPa0300+M/ZXCMSBEozjYy1QV0aeACtForgEwe"},"senderMessageKeys":[{},{},{},{},{}]},{"senderKeyId":114816900,"senderChainKey":{"iteration":3,"seed":"aHLdxldI3o+nKZYZLV4cDqDN7sEXyf3pdrM1ZxIIAq4="},"senderSigningKey":{"public":"BcmnmTZeEeFuZZHkWqgICA+vYHCky0lX50VNUh2h+O1A"},"senderMessageKeys":[{}]},{"senderKeyId":1153770771,"senderChainKey":{"iteration":3,"seed":"MjWICYvFBx9WNej2zNvCrC9utT8uk+YJuK8y6KlM/84="},"senderSigningKey":{"public":"BTPbusCuvIaRQ9xkWUabHhnYKkTzDtmFFz9BzLt1cW9z"},"senderMessageKeys":[{}]}]