[{"senderKeyId":1642867720,"senderChainKey":{"iteration":33,"seed":"dHw9MiANKVIwAAzyAwTMIGvcdSHFKUM15VjJtjIsHj4="},"senderSigningKey":{"public":"BReTyJTPvVKFKlZHyIPeVyhu1ZQyLd061ld7+gJ1hyA1"},"senderMessageKeys":[]},{"senderKeyId":1642867720,"senderChainKey":{"iteration":35,"seed":"4U8b/tfPr2OayJOI1q3jfihaRx2KKw+aollj0dkuku8="},"senderSigningKey":{"public":"BReTyJTPvVKFKlZHyIPeVyhu1ZQyLd061ld7+gJ1hyA1"},"senderMessageKeys":[]},{"senderKeyId":1642867720,"senderChainKey":{"iteration":37,"seed":"ZVmg27QEkJt2/0raAkMypX5Gll4JyRQU9ltz6kDkaT0="},"senderSigningKey":{"public":"BReTyJTPvVKFKlZHyIPeVyhu1ZQyLd061ld7+gJ1hyA1"},"senderMessageKeys":[]},{"senderKeyId":1642867720,"senderChainKey":{"iteration":69,"seed":"9TdtTSvNclKFjGOAoEXUfwi8PrfUikoe6Yc6tXWHo70="},"senderSigningKey":{"public":"BReTyJTPvVKFKlZHyIPeVyhu1ZQyLd061ld7+gJ1hyA1"},"senderMessageKeys":[]},{"senderKeyId":2101003365,"senderChainKey":{"iteration":3,"seed":"GI8stIIdVjgFwzpf5MAhh+oT6Zf5j4DediCR8NCLnFU="},"senderSigningKey":{"public":"BVSoR2D2sIU5OLSCQKbs7kP1MQPT9+zu4hBGUrZatxBX"},"senderMessageKeys":[{}]}]