[{"senderKeyId":1181882211,"senderChainKey":{"iteration":2713,"seed":"A9k7HkSXqUQOr3IMpRB3iEFuKpAZbctCpPWAKEKfA4Y="},"senderSigningKey":{"public":"Bduq2rDfR53x/yFHJ8/zNSvuzAr9kY333NSSV8R8bB1V"},"senderMessageKeys":[{},{},{},{},{},{},{},{},{},{},{},{},{},{},{},{},{},{},{},{},{},{},{},{},{},{},{},{},{},{},{},{},{},{},{},{}]},{"senderKeyId":1181882211,"senderChainKey":{"iteration":2677,"seed":"eOMKNrt2CSn3Pq1Bt5uHanT24N0+RsqbUUyAS+7VXWg="},"senderSigningKey":{"public":"Bduq2rDfR53x/yFHJ8/zNSvuzAr9kY333NSSV8R8bB1V"},"senderMessageKeys":[]},{"senderKeyId":1181882211,"senderChainKey":{"iteration":2679,"seed":"0nkQQCmXz990risG83bt3GzYm402y5JkepHLjvRH/30="},"senderSigningKey":{"public":"Bduq2rDfR53x/yFHJ8/zNSvuzAr9kY333NSSV8R8bB1V"},"senderMessageKeys":[]},{"senderKeyId":1181882211,"senderChainKey":{"iteration":2681,"seed":"mAL8ZnHibwM4hOAZcMycMLqMR5Q823ewjGrLh1CrLSU="},"senderSigningKey":{"public":"Bduq2rDfR53x/yFHJ8/zNSvuzAr9kY333NSSV8R8bB1V"},"senderMessageKeys":[]},{"senderKeyId":1181882211,"senderChainKey":{"iteration":2709,"seed":"q8kNL2j1RQmSYCKiAC3ALT1kJM8eykSqimsfLjFtmBI="},"senderSigningKey":{"public":"Bduq2rDfR53x/yFHJ8/zNSvuzAr9kY333NSSV8R8bB1V"},"senderMessageKeys":[]}]