{"_sessions":{"BdINs3XM7HroZN9pWpvnPtvgeXdomwZiK5W1dFqwcJZb":{"registrationId":645475268,"currentRatchet":{"ephemeralKeyPair":{"pubKey":"BdXC60LJa7xfXTqQdyOppBg2HeteFNJ7fsFtct99fQR5","privKey":"OAKxgOvacrNVuGpS8dXg8ms3orhUdofahcGf9K23uWs="},"lastRemoteEphemeralKey":"BfpDCJgObtQYesHcGXSD0a5mcci7e4g+4XNCMWLH3WZk","previousCounter":2,"rootKey":"wFSwrJzBsqMEJEmC9xaQBZsw0h45Hey686l3Uk34c6c="},"indexInfo":{"baseKey":"BdINs3XM7HroZN9pWpvnPtvgeXdomwZiK5W1dFqwcJZb","baseKeyType":2,"closed":-1,"used":1737943542305,"created":1737930394022,"remoteIdentityKey":"BXq6M3XU1ukQNRl23Qdj2WNw/GJLXXLupOPaMLBDOdlo"},"_chains":{"BdnMEtn/NgUWbkMXO79OleHT7ezWUNB/fqKSVjrQB3YQ":{"chainKey":{"counter":5},"chainType":2,"messageKeys":{}},"BY7lTyKAphKL9AG6JqxI7INJYI8lTFIM/gAji+miaRUd":{"chainKey":{"counter":0},"chainType":2,"messageKeys":{}},"BXnt5TgCrWta9nMMQkXaXlqUCs18JTGZuanmYDzibhkZ":{"chainKey":{"counter":2},"chainType":2,"messageKeys":{}},"BWFC34QUZ+/zjD/j0mZbKO3cZwtqQ2Bm4lMNeT01NBV7":{"chainKey":{"counter":2},"chainType":2,"messageKeys":{}},"BfpDCJgObtQYesHcGXSD0a5mcci7e4g+4XNCMWLH3WZk":{"chainKey":{"counter":1,"key":"fAUoNWsm5mB0nwdrHdeA5NghYy20jQ4uW60/WNgdaWs="},"chainType":2,"messageKeys":{}},"BdXC60LJa7xfXTqQdyOppBg2HeteFNJ7fsFtct99fQR5":{"chainKey":{"counter":-1,"key":"UpHr9FzQgYFU7lQDEEqFYCSE5/nFTyuIznrLsu0Ei1U="},"chainType":1,"messageKeys":{}}}}},"version":"v1"}