{"_sessions":{"Bf49Rw5Kzpj3N45Puy0UhowFimnFeU50L8G8ZunlHWAU":{"registrationId":1444123758,"currentRatchet":{"ephemeralKeyPair":{"pubKey":"BXJ87j6q2R91kyLRIrkfDCsa17UHvX9DRLK49lHqxaBU","privKey":"IGB2Lh0x4E8NP9FSG22rL1mBsecwmPNKNWWU48MF6kU="},"lastRemoteEphemeralKey":"BStK5iN14CqHg8HZS5P0BKtaN7oBefoxF8jEWlLDarQh","previousCounter":0,"rootKey":"sCBGkwYfqBgLW3n+YXru6k5X9jnpx3N03QrqQlkstcM="},"indexInfo":{"baseKey":"Bf49Rw5Kzpj3N45Puy0UhowFimnFeU50L8G8ZunlHWAU","baseKeyType":2,"closed":-1,"used":1737941413320,"created":1737941413320,"remoteIdentityKey":"BYQ7ShyJnvhz7lzQHwbc/XOtHezLtLYWO3NliB0EKYcS"},"_chains":{"BStK5iN14CqHg8HZS5P0BKtaN7oBefoxF8jEWlLDarQh":{"chainKey":{"counter":0,"key":"zCqvkvy41vHHYyzqulkYWH/OJgX5fQUVPyJ5s8ni23A="},"chainType":2,"messageKeys":{}},"BXJ87j6q2R91kyLRIrkfDCsa17UHvX9DRLK49lHqxaBU":{"chainKey":{"counter":-1,"key":"66ULIoLmtZhAdGANnXDYsWkN1ebfYOHShE89xzvU9Gc="},"chainType":1,"messageKeys":{}}}}},"version":"v1"}