{"_sessions":{"BRJ3BHeBl2+h1vcOIXrjSr8hCiUOQFSH32xylXuPFmhu":{"registrationId":703189741,"currentRatchet":{"ephemeralKeyPair":{"pubKey":"BWWNkafPqzetKprj/ujUvKiDAN6JvTx4chcyLyPHj40L","privKey":"wNFGPSd+cdbgQ57LEjgosPse/donxHZmJaVy+S/IqHU="},"lastRemoteEphemeralKey":"BXrhkEod5GAX3LjmCZas537zLPfnuN3CPJR77jMU5YE5","previousCounter":0,"rootKey":"/89yrDV0KLmdZTlZdt14V5U045SjvhOYSgiInl6PH4E="},"indexInfo":{"baseKey":"BRJ3BHeBl2+h1vcOIXrjSr8hCiUOQFSH32xylXuPFmhu","baseKeyType":2,"closed":-1,"used":1737941412934,"created":1737941412934,"remoteIdentityKey":"BcfUsfZiXh3X4IsntdixVAr3k5mpNINSKacTy+esN/dr"},"_chains":{"BXrhkEod5GAX3LjmCZas537zLPfnuN3CPJR77jMU5YE5":{"chainKey":{"counter":0,"key":"Jte4ISTExIUa1KWz+85xJ5Z9TBXqb7MjxQdHtCKKfbw="},"chainType":2,"messageKeys":{}},"BWWNkafPqzetKprj/ujUvKiDAN6JvTx4chcyLyPHj40L":{"chainKey":{"counter":-1,"key":"WBgDUwf7IzAWJaAFuJds67AEyMZyl/Le4h5pXZLXes0="},"chainType":1,"messageKeys":{}}}}},"version":"v1"}