{"_sessions":{"BaKIHd3rOmNR5mz/549GXDB0HEnIWYp/YboffPGisUth":{"registrationId":1457478385,"currentRatchet":{"ephemeralKeyPair":{"pubKey":"BbLyWpdIHCmjb9GDKKu/rTHg+VR7ijxqL+rWIViYhIQ/","privKey":"KEAjJbadlPKBsjN/VR088Nm/2JoV5aR0AiIAGSSiMFI="},"lastRemoteEphemeralKey":"BU4FstoZKV5kzO+O0P71NIO6C7BJzBNE944sdo8x20c3","previousCounter":0,"rootKey":"amDqpTUKo1X/zgBqg/o1eAikGbme5MLTpCR8+wLjrvE="},"indexInfo":{"baseKey":"BaKIHd3rOmNR5mz/549GXDB0HEnIWYp/YboffPGisUth","baseKeyType":2,"closed":-1,"used":1737941413260,"created":1737941413260,"remoteIdentityKey":"Bcizu3d+ZS9HO2X7X5AtqJd0ZKLxIi+XJxl3KycxB9li"},"_chains":{"BU4FstoZKV5kzO+O0P71NIO6C7BJzBNE944sdo8x20c3":{"chainKey":{"counter":0,"key":"cOle27RlOEa4G9M6kuU2UqxaCbifOgOXhUOGsav5huQ="},"chainType":2,"messageKeys":{}},"BbLyWpdIHCmjb9GDKKu/rTHg+VR7ijxqL+rWIViYhIQ/":{"chainKey":{"counter":-1,"key":"26sRZt6ogPNmioSa9zseaLm4xc/lg4HShx94DoxoBYo="},"chainType":1,"messageKeys":{}}}}},"version":"v1"}