{"_sessions":{"BdeyPlqPCUU/vX7RjgT3sKJsFdBvIVqkuGrGll55G+Fg":{"registrationId":898026467,"currentRatchet":{"ephemeralKeyPair":{"pubKey":"BT7v23n2N9beQ49tJhyCUPGTi7jmUZE2BQidV9Hap6wi","privKey":"EDMDUa2ymhHNYOR7NtaP9BjuboW4q+D62GpfoKyPoHI="},"lastRemoteEphemeralKey":"BZQ0toNdsuZZ6GwZ882AZyO5l2Dn8aZqzQzNOfVNUIlr","previousCounter":0,"rootKey":"db6bJw0j3RT4H7zpTE41gz3iyUbswdJ2BZcSRHSQ+84="},"indexInfo":{"baseKey":"BdeyPlqPCUU/vX7RjgT3sKJsFdBvIVqkuGrGll55G+Fg","baseKeyType":2,"closed":-1,"used":1737941411837,"created":1737941411837,"remoteIdentityKey":"Bf2fKL5+ro3Wwgp5Wf1U1eC8lk5ZocUa9gJ7HHsW0epT"},"_chains":{"BZQ0toNdsuZZ6GwZ882AZyO5l2Dn8aZqzQzNOfVNUIlr":{"chainKey":{"counter":0,"key":"kvaOO/uSsmiBHXLzy/AEMEmoYMhvVM+MAA0GZPJs89A="},"chainType":2,"messageKeys":{}},"BT7v23n2N9beQ49tJhyCUPGTi7jmUZE2BQidV9Hap6wi":{"chainKey":{"counter":-1,"key":"dhrH0XrmF1QQkA9wZSCNgVJ2bR3NR/44rWF8p2zsiFU="},"chainType":1,"messageKeys":{}}}}},"version":"v1"}