{"_sessions":{"BcSti9XCcgDNlqvBvjf49SI7epEdWc+062gKYIr5SP4d":{"registrationId":126,"currentRatchet":{"ephemeralKeyPair":{"pubKey":"BWUeyhcq0vRwv3N7olSc/7RClwNZ1zV+7pPFpJ0YwqB7","privKey":"uPyEMbYUnCLPh/zWA5EsA8bUyp2FP2hb/jKKev32ZG4="},"lastRemoteEphemeralKey":"BZCjMzJiCg91+8K7D9t1miwA3iME9CEZYHwNYTGA7zxU","previousCounter":0,"rootKey":"+umO544NbwI5Q8hjnS6IQPvkT458YtN0LP3kNXSJiak="},"indexInfo":{"baseKey":"BcSti9XCcgDNlqvBvjf49SI7epEdWc+062gKYIr5SP4d","baseKeyType":2,"closed":-1,"used":1737941518109,"created":1737941518109,"remoteIdentityKey":"BWavbfgIGBz9V/LjNrEW3ULcvR9kgPOYrx9c1McNMi98"},"_chains":{"BZCjMzJiCg91+8K7D9t1miwA3iME9CEZYHwNYTGA7zxU":{"chainKey":{"counter":0,"key":"M2YOx5xdujHee4O81/KnPL5oDUbIPlZlUzbwj1sS3ss="},"chainType":2,"messageKeys":{}},"BWUeyhcq0vRwv3N7olSc/7RClwNZ1zV+7pPFpJ0YwqB7":{"chainKey":{"counter":-1,"key":"fkaMGXHsOhasVYVvWHo4lJh78zKbkWQW9l9jzuZqzyw="},"chainType":1,"messageKeys":{}}}}},"version":"v1"}