{"_sessions":{"BU715XvoMA1OrjOuAXUYInyYgqXKtljvdrocFtdby+1N":{"registrationId":839714996,"currentRatchet":{"ephemeralKeyPair":{"pubKey":"BTYjK693ljgCJtlZQuhH3LAd0axHVDLA5Us/DwPops06","privKey":"+CbXaYpW4fXBN5cfZ78FVK230NWBPpclT57zej7vJ0s="},"lastRemoteEphemeralKey":"Bdu14VynkfEhYKgDwbAqL5c6I0Ttwk5nzHgbCGcqw2xk","previousCounter":0,"rootKey":"nX+jrvceS0jOcHHYTgK7Flx9C7YxCincMiQi5SH9eoI="},"indexInfo":{"baseKey":"BU715XvoMA1OrjOuAXUYInyYgqXKtljvdrocFtdby+1N","baseKeyType":2,"closed":-1,"used":1737941773334,"created":1737941773334,"remoteIdentityKey":"BXz9oYHpcGUnQKNUDNVaMgw0hKaKdZAKZzIuQDYXT5YY"},"_chains":{"Bdu14VynkfEhYKgDwbAqL5c6I0Ttwk5nzHgbCGcqw2xk":{"chainKey":{"counter":0,"key":"YeYpQU66qO+2r6ekmG2iZVlX0vtpNtlrLqgByBJimBI="},"chainType":2,"messageKeys":{}},"BTYjK693ljgCJtlZQuhH3LAd0axHVDLA5Us/DwPops06":{"chainKey":{"counter":-1,"key":"SaVDk3982FbbCwoJdIghVUttP/KMx1bCEDTCVtNUhvc="},"chainType":1,"messageKeys":{}}}}},"version":"v1"}