{"_sessions":{"Bf7vVdsnbv2WaZjz+7RgMhINOhHS5LHUCl+yz4DImEAJ":{"registrationId":648032189,"currentRatchet":{"ephemeralKeyPair":{"pubKey":"BbK18YtSWbKFx0j9CNjIZf32echhLYw6lLy2TxWdqEVJ","privKey":"0M/Iz8S5p0wDmuof8bbg8ELa6cRVm2eaOzthPfAtfWs="},"lastRemoteEphemeralKey":"BfgAH5sGdNCx26gcPFj9rCd89CpQ/1LmLQb4uP2rnh8k","previousCounter":0,"rootKey":"N7G8K8ZRUCzFT5kdMAa1tOcE2DLWu0/DasaBGDumhQU="},"indexInfo":{"baseKey":"Bf7vVdsnbv2WaZjz+7RgMhINOhHS5LHUCl+yz4DImEAJ","baseKeyType":2,"closed":-1,"used":1737932179051,"created":1737932179051,"remoteIdentityKey":"BXl3ls/MRUQNcRipX2alsiWr7OQg34yO8Z55WzMmgI5K"},"_chains":{"BfgAH5sGdNCx26gcPFj9rCd89CpQ/1LmLQb4uP2rnh8k":{"chainKey":{"counter":0,"key":"/HxCw7XvmvZDctq9ReWA9NmL+BWuU6WNTGNs0S+TNpg="},"chainType":2,"messageKeys":{}},"BbK18YtSWbKFx0j9CNjIZf32echhLYw6lLy2TxWdqEVJ":{"chainKey":{"counter":-1,"key":"Pg68BMGZF7afasCQEEsoqg9k6W3Q/0Aeq6S3vNYwZKQ="},"chainType":1,"messageKeys":{}}}}},"version":"v1"}