{"_sessions":{"BWhV31AyfWl0j7YDSP6qGZbQyFRzknCqD9lOJXWHQU0K":{"registrationId":187,"currentRatchet":{"ephemeralKeyPair":{"pubKey":"BWGQ9LeZp83C2Mls4hNKV3XtCjAhj/BOfn34mIPnrVEh","privKey":"oI6Nsskca0jKk5/zzhAbZtiT7UoMQaR/TkOH8vuC+0E="},"lastRemoteEphemeralKey":"Be8NSTylKuq7JcX3+nPZ44UHwlfpgq4oHdPhRTKEDmQD","previousCounter":0,"rootKey":"6RTzWdh0ztBUBsEsdv9dZ8DLwRNNF3vggggpNc6zDYE="},"indexInfo":{"baseKey":"BWhV31AyfWl0j7YDSP6qGZbQyFRzknCqD9lOJXWHQU0K","baseKeyType":2,"closed":1737944060788,"used":1737931133019,"created":1737931133019,"remoteIdentityKey":"BQRV/w2C31Ts9CcRXzVouNRLnYDFPJpBcpFMb27mqadL"},"_chains":{"Be8NSTylKuq7JcX3+nPZ44UHwlfpgq4oHdPhRTKEDmQD":{"chainKey":{"counter":6,"key":"cFWSCOFsj6V8bkYhPnuu+dGJhcEb5uMNFYIg34CQ7fA="},"chainType":2,"messageKeys":{}},"BWGQ9LeZp83C2Mls4hNKV3XtCjAhj/BOfn34mIPnrVEh":{"chainKey":{"counter":-1,"key":"Ozt47b87nHGOaRr3gzeGIXKCEhQvSD9sXdfrYHucKGQ="},"chainType":1,"messageKeys":{}}}},"BT2uafoOgKjWFigCjvyQ/oXoK7TkU/Iq6YHgHJGF0pVV":{"registrationId":187,"currentRatchet":{"ephemeralKeyPair":{"pubKey":"BQacXL1MRBtNaoMjHpTELBZYAcJ7RoSSx3pMHsFB+Yoc","privKey":"CCUM3bYesI2mDhRj0L9o86F+D29j85A2eELLCe6zpW8="},"lastRemoteEphemeralKey":"BcNAXLQDeBUokJiHn/361VI9zWvcD0mPxbSGbZQ01AAM","previousCounter":0,"rootKey":"LptOKj4TkK2V9or/CSwm6NRiCXTP8EpkIOXAHK4yyjA="},"indexInfo":{"baseKey":"BT2uafoOgKjWFigCjvyQ/oXoK7TkU/Iq6YHgHJGF0pVV","baseKeyType":2,"closed":-1,"used":1737944060796,"created":1737944060796,"remoteIdentityKey":"BQRV/w2C31Ts9CcRXzVouNRLnYDFPJpBcpFMb27mqadL"},"_chains":{"BcNAXLQDeBUokJiHn/361VI9zWvcD0mPxbSGbZQ01AAM":{"chainKey":{"counter":0,"key":"HgGotbmX3b5JbshirMnv9+c8P/FmJQw3qUWNwqQxtvQ="},"chainType":2,"messageKeys":{}},"BQacXL1MRBtNaoMjHpTELBZYAcJ7RoSSx3pMHsFB+Yoc":{"chainKey":{"counter":-1,"key":"2zN70X0qDD7C+vjsEYrlOd6/2SCDIUX8qkfeGknOps0="},"chainType":1,"messageKeys":{}}}}},"version":"v1"}