{"_sessions":{"BeFEMtYRvr7KAgs4Z+A+Nt4i2VHOsojoiAXf2MjjlaQ4":{"registrationId":1002756923,"currentRatchet":{"ephemeralKeyPair":{"pubKey":"BR2sNqhScXMceVKgTkCpBqMe4jRMh2cjSRomwq7WBDQE","privKey":"sH75hQJfvmFdim0vUMeaoR9vn5JtHKMuETWKQvE/TGY="},"lastRemoteEphemeralKey":"BWtN6Rlq4gCzXEWUtQNJA1K3ZC8w5XdeT/UA9UyN6kFI","previousCounter":3,"rootKey":"EAzHMaVT5eO5Cx5ylp4IKKHnXCtajAvTRxEEj6YYm2c="},"indexInfo":{"baseKey":"BeFEMtYRvr7KAgs4Z+A+Nt4i2VHOsojoiAXf2MjjlaQ4","baseKeyType":1,"closed":-1,"used":1737941413658,"created":1737930479671,"remoteIdentityKey":"BY8FKEEmL1sXI3o3fm97oE34njmsp5AVVr07Fbt6FnUK"},"_chains":{"BT1xwpkaVxeEW2zkIyBQPRdL/6Xp+B79wyM66OHupL8n":{"chainKey":{"counter":0},"chainType":2,"messageKeys":{}},"BWtN6Rlq4gCzXEWUtQNJA1K3ZC8w5XdeT/UA9UyN6kFI":{"chainKey":{"counter":0,"key":"egQduwSLPGy2kCVNov12z9r30SjVf/ndjRnb54g+jII="},"chainType":2,"messageKeys":{}},"BR2sNqhScXMceVKgTkCpBqMe4jRMh2cjSRomwq7WBDQE":{"chainKey":{"counter":1,"key":"wC43A9W26tOlEcyHtYleZn1lCt2NuN1K5Ks/FauUlyM="},"chainType":1,"messageKeys":{}}}}},"version":"v1"}