{"_sessions":{"BX98A5bEaIeMxG/LiNfHgKOkX+Wf8ksHo4qqvlEwRQxO":{"registrationId":599631135,"currentRatchet":{"ephemeralKeyPair":{"pubKey":"Be97kQLh2Myq2l7742NwW0HyQWneRHl5bZHTN35SNN4e","privKey":"4KA/XYpSXCtAIEk3gXVoSREshZWYZ7bgQWMfFOyJL2A="},"lastRemoteEphemeralKey":"BVhp03WDg36Hyaqddq0PTjEKUqY2zIoBoyU+xegSgexG","previousCounter":0,"rootKey":"UZ8QUaJXgHS1QThCW9xD/MPjrN/pCmKd83t4/ZvJDZ8="},"indexInfo":{"baseKey":"BX98A5bEaIeMxG/LiNfHgKOkX+Wf8ksHo4qqvlEwRQxO","baseKeyType":2,"closed":-1,"used":1737944408603,"created":1737944408603,"remoteIdentityKey":"BU255VBBmphrGvlEj7TDaWCM12iwkeurm79Yxbg4uZJh"},"_chains":{"BVhp03WDg36Hyaqddq0PTjEKUqY2zIoBoyU+xegSgexG":{"chainKey":{"counter":0,"key":"Z5kffkCVRUTq7V20D94/S0UyyWDtgHT1jHoipLA0Qfs="},"chainType":2,"messageKeys":{}},"Be97kQLh2Myq2l7742NwW0HyQWneRHl5bZHTN35SNN4e":{"chainKey":{"counter":-1,"key":"idqEV9KxDYoiYZC+bFCBVTRRevykkIm95TPvhxDLOcc="},"chainType":1,"messageKeys":{}}}}},"version":"v1"}