{"_sessions":{"BeA1JfU9NXF5dhVlXja7giGnA1SW/uAZrTVwIOmuyNhG":{"registrationId":1485244689,"currentRatchet":{"ephemeralKeyPair":{"pubKey":"Ba61FxgqgAkM/XFRaiNpqJH1XmDeotPBOw5wcSu1XGIr","privKey":"KFs0kBUypQ/VVsVKJ4tti4Idh7owko5bto7/STWjWmM="},"lastRemoteEphemeralKey":"BZrT1XgUD7Rfo/FOxU4/6jB9FnG49xEw9dXwADMP8JAq","previousCounter":0,"rootKey":"/3/dpbHEz0K+LheKDDkqcjNf19rwHYi5gZR/UKf/26M="},"indexInfo":{"baseKey":"BeA1JfU9NXF5dhVlXja7giGnA1SW/uAZrTVwIOmuyNhG","baseKeyType":2,"closed":-1,"used":1737932610157,"created":1737932610157,"remoteIdentityKey":"BUXf3tGYVQ3TuQG9k5+QECzqFMmflJG9wAJ94R7dIPBV"},"_chains":{"BZrT1XgUD7Rfo/FOxU4/6jB9FnG49xEw9dXwADMP8JAq":{"chainKey":{"counter":1,"key":"YX05JoEIKiDyIk4vpUchzm1HipojFMinMP3bDFuTGoA="},"chainType":2,"messageKeys":{}},"Ba61FxgqgAkM/XFRaiNpqJH1XmDeotPBOw5wcSu1XGIr":{"chainKey":{"counter":-1,"key":"bVTyN4yRaLzRSyY/+e9YGito0MfQj/5+CL+AZVudwjU="},"chainType":1,"messageKeys":{}}}}},"version":"v1"}