{"_sessions":{"BTE/IGb6TTNZX/npsS0VC5dF9/1ijQn4AwyOfwNvZuUe":{"registrationId":1527317434,"currentRatchet":{"ephemeralKeyPair":{"pubKey":"BV1GSZfdypsxUomXB8mPtJWGqEca+aHjSCWedhxacAcV","privKey":"yMYrjWg9XNVz/XtaFaZuuqPfvHAqE1v+yP5hXAVhmE0="},"lastRemoteEphemeralKey":"BbDnE5PwVwDUgHiQO9vWrNew7cEmGxrFfkF5nezJ70lp","previousCounter":0,"rootKey":"/PUQCVNdo37+LewTXfAk2imc6cndfrGATwIwVJJm+6U="},"indexInfo":{"baseKey":"BTE/IGb6TTNZX/npsS0VC5dF9/1ijQn4AwyOfwNvZuUe","baseKeyType":2,"closed":-1,"used":1737941413289,"created":1737941413289,"remoteIdentityKey":"BcSJxhl8zcgWpUujqhp15VLAswJlMcm6HcFh9ufF3S8p"},"_chains":{"BbDnE5PwVwDUgHiQO9vWrNew7cEmGxrFfkF5nezJ70lp":{"chainKey":{"counter":0,"key":"Tyl/ZBrl+zWxdVlZZxzqDnkEpPfwJjiFg8w7OZoT6sg="},"chainType":2,"messageKeys":{}},"BV1GSZfdypsxUomXB8mPtJWGqEca+aHjSCWedhxacAcV":{"chainKey":{"counter":-1,"key":"XP1qCWlm8nmO4zE1padvQ3adCEN6SMfxjYs24NW3cko="},"chainType":1,"messageKeys":{}}}}},"version":"v1"}