{"_sessions":{"BQ8cXyRcDRaSoHAzzWj6ZRZq+rftcfOQq74RmJI+f+lt":{"registrationId":145575679,"currentRatchet":{"ephemeralKeyPair":{"pubKey":"BfK68mHt7WTjA8rfoByWRnZmoIPYwWcEk8xC8AHl6GsG","privKey":"kDeYGsYD7XR+anpHr3fL6I0722UI7tQkL7U1QFtDC0k="},"lastRemoteEphemeralKey":"BcpnEZWJqz0ecilSuxqg2EnDwFzw9GaGVNhHJuM6o8ZB","previousCounter":0,"rootKey":"vOB+VDmrIcPTMq2SB2a4u7eEqYqINQt38CtadG3OzSY="},"indexInfo":{"baseKey":"BQ8cXyRcDRaSoHAzzWj6ZRZq+rftcfOQq74RmJI+f+lt","baseKeyType":2,"closed":-1,"used":1737942785235,"created":1737942785235,"remoteIdentityKey":"BexLhC+lYpxo67G8l8khk3eV3JCVPvaDEhy37cJvAoVv"},"_chains":{"BcpnEZWJqz0ecilSuxqg2EnDwFzw9GaGVNhHJuM6o8ZB":{"chainKey":{"counter":0,"key":"LISaYyXilO4n9LsqzJ4mi7x4nuTC50X4dBnUHg0lXp4="},"chainType":2,"messageKeys":{}},"BfK68mHt7WTjA8rfoByWRnZmoIPYwWcEk8xC8AHl6GsG":{"chainKey":{"counter":-1,"key":"X0NCe6Ukxy3UoGjHJKLbiZMV4tnRkNVzOQiGT/cWTBw="},"chainType":1,"messageKeys":{}}}}},"version":"v1"}