{"_sessions":{"BdVhHkhnAQ52nSGuCJS4meGYIOWBUSqb7BtpWH6PMCol":{"registrationId":1132778277,"currentRatchet":{"ephemeralKeyPair":{"pubKey":"BQWmFlXrsfsd83GIYigrTRgKYdDBvmDMGIN/keRvFKgT","privKey":"WD9DmzUbKR08wreBcRpXEzai48qEY9sMT2Uc02SeOmY="},"lastRemoteEphemeralKey":"BU2osecdq+CayOvfbhUbOp2yuOGmphOHJk8WBJzRoMUR","previousCounter":0,"rootKey":"AIGhMHz3tb+K/bKdbVGKP26FYzHXajXNUkUyGxxdCMM="},"indexInfo":{"baseKey":"BdVhHkhnAQ52nSGuCJS4meGYIOWBUSqb7BtpWH6PMCol","baseKeyType":2,"closed":-1,"used":1737933803632,"created":1737933803632,"remoteIdentityKey":"BRmTLk+Pp54tb6Y28G/b5aPUbolDrHQXycW/z2/L8YdU"},"_chains":{"BU2osecdq+CayOvfbhUbOp2yuOGmphOHJk8WBJzRoMUR":{"chainKey":{"counter":0,"key":"CjvIjrVGaOxSE0chGDPQgaCi4G0H48Y93FVi+SK2CxM="},"chainType":2,"messageKeys":{}},"BQWmFlXrsfsd83GIYigrTRgKYdDBvmDMGIN/keRvFKgT":{"chainKey":{"counter":-1,"key":"mfLfmWhAXQxtXtH6Y0GTAXfNXU7cBob7uXjhYU1Q4R4="},"chainType":1,"messageKeys":{}}}}},"version":"v1"}