{"_sessions":{"Bde4t8iEhDHec2KT/fQ8PwVgCt3s8y54/fw6OJ51Y+wB":{"registrationId":1561893148,"currentRatchet":{"ephemeralKeyPair":{"pubKey":"BbwWuQRCZKDM7KikPrOtFcdh3QgWkLIX0ro/fIfwdcg1","privKey":"IKlIJwXLFGJ3WiJcbVW9++0oR27SzB+mcOGWOohqk0c="},"lastRemoteEphemeralKey":"BYsjkyDgCB4szpagrxFBx0tghbIF30D+OqUJgl3fhORO","previousCounter":0,"rootKey":"dUAjxNOZBzLfK3VdEi6IhzWRvsTUdcSKwvqgz6lKIjI="},"indexInfo":{"baseKey":"Bde4t8iEhDHec2KT/fQ8PwVgCt3s8y54/fw6OJ51Y+wB","baseKeyType":2,"closed":-1,"used":1737942247489,"created":1737942247489,"remoteIdentityKey":"BdSP01m4MLLq8ablBAVn60e0HEJyZhhwwR8mr0Gw2NQ/"},"_chains":{"BYsjkyDgCB4szpagrxFBx0tghbIF30D+OqUJgl3fhORO":{"chainKey":{"counter":0,"key":"25o7y8QqEZxhAbd6x7lTauO9RllPfCGVPKgaLb5GQDA="},"chainType":2,"messageKeys":{}},"BbwWuQRCZKDM7KikPrOtFcdh3QgWkLIX0ro/fIfwdcg1":{"chainKey":{"counter":-1,"key":"NHgqrsVxQ/iMcZNXFMHi0cxGoyzwlaZ2VTcYf5rpA0M="},"chainType":1,"messageKeys":{}}}}},"version":"v1"}