{"_sessions":{"BZUJ3abYvrFImfbrnhbHWQFUWE14j9bRzeVwHe4CUwN0":{"registrationId":109,"currentRatchet":{"ephemeralKeyPair":{"pubKey":"BRd1X5Xh0BKoonzM8xy6c0lRee/ku2CYeUVdrO6OyDQh","privKey":"IP9LgxsAnEkuOFAi7+8c1EC6LIwx5n0BzG8K2WcaDG8="},"lastRemoteEphemeralKey":"BbIZ+fTGBTNkoyka+A53id0cuwL6nA5aVm+yX4BiHG8w","previousCounter":0,"rootKey":"ban6sapj2ERzZpkRdvc/FZy8LkSVVa3gO3ODGhl/iy4="},"indexInfo":{"baseKey":"BZUJ3abYvrFImfbrnhbHWQFUWE14j9bRzeVwHe4CUwN0","baseKeyType":2,"closed":-1,"used":1737932614083,"created":1737932614083,"remoteIdentityKey":"Ba4mRKnMo3Le8A20QpQUhWy6t4JUU7DCb9F+scyYC29L"},"_chains":{"BbIZ+fTGBTNkoyka+A53id0cuwL6nA5aVm+yX4BiHG8w":{"chainKey":{"counter":6,"key":"vvA543Or+vuMvaWQ4enkMoU0EEgDoEzeKpQJe9UaExs="},"chainType":2,"messageKeys":{"0":"BbBmca4lZURFd7yeJ+O4evSImlrHe8mn3CA69++pP/s="}},"BRd1X5Xh0BKoonzM8xy6c0lRee/ku2CYeUVdrO6OyDQh":{"chainKey":{"counter":-1,"key":"6cJ+R5KymCg4PhclOY8vMuvtOec4YvtYCTNXk6jJYEI="},"chainType":1,"messageKeys":{}}}}},"version":"v1"}