{"_sessions":{"BWy/s7x5ULsM074M82DZtU82D1daOrJ/cch8sbDHKNI/":{"registrationId":293856614,"currentRatchet":{"ephemeralKeyPair":{"pubKey":"BcGH+soVXNvNuiHsamcQifqeRLSF+px7YcVi2TsPue4n","privKey":"cMB656G8WNFSGjSd5JpheectW0zPzmy21coxg2UqHkw="},"lastRemoteEphemeralKey":"BfErLW5W2cc9v16Sp5o9Ipb/Xldws7VIs+lp+F0jtLkP","previousCounter":0,"rootKey":"LVdaYlRWdIjM9VbhCyxnQ3O3h9UQGI2InaOtj/QOiac="},"indexInfo":{"baseKey":"BWy/s7x5ULsM074M82DZtU82D1daOrJ/cch8sbDHKNI/","baseKeyType":2,"closed":-1,"used":1737933694947,"created":1737933694947,"remoteIdentityKey":"BWP8xgQJjE6OoGFbHUWs4RkO9GpOsXi064CM4XzkM5Iu"},"_chains":{"BfErLW5W2cc9v16Sp5o9Ipb/Xldws7VIs+lp+F0jtLkP":{"chainKey":{"counter":1,"key":"Rl4+USkHO07eFsQKl7KGhlPgf0NMbsnkOKMvE7JD9Lo="},"chainType":2,"messageKeys":{}},"BcGH+soVXNvNuiHsamcQifqeRLSF+px7YcVi2TsPue4n":{"chainKey":{"counter":-1,"key":"ajmaXoagTK6NCzjdEq95LKTTJyETu0QDJjSwj2a3Aus="},"chainType":1,"messageKeys":{}}}}},"version":"v1"}