{"_sessions":{"Beqt1HPD01TTKvAk/oGiBnWj/3olaarLh53TIYfJxIhW":{"registrationId":1834300436,"currentRatchet":{"ephemeralKeyPair":{"pubKey":"BbOX6MuuRfG8lWoBr7sX/PZp4+/g6+oVoBDvTZoWyxVm","privKey":"uADaB2MOcLvgOK5rv2fAbaSmdZAjeS5KMK9sXI3AoXA="},"lastRemoteEphemeralKey":"BcEh5x6qdgmMAEpkB2Atg1QoGYMs4XbIf+K9lbTSAXRZ","previousCounter":0,"rootKey":"S/FkvQJ35ifjvixFNY0AFVplf5l4OlwiQ1/ExN/azIE="},"indexInfo":{"baseKey":"Beqt1HPD01TTKvAk/oGiBnWj/3olaarLh53TIYfJxIhW","baseKeyType":1,"closed":-1,"used":1737930479665,"created":1737930479665,"remoteIdentityKey":"BfCDHeX0/6a0cw62JjPyF5jtHcqQ27gnhFBPRTlf4ltw"},"_chains":{"BbOX6MuuRfG8lWoBr7sX/PZp4+/g6+oVoBDvTZoWyxVm":{"chainKey":{"counter":7,"key":"s/lwg21JdSf0bvC5DQc9bBL9B+V0LAXr1HcgdYX0St0="},"chainType":1,"messageKeys":{}}},"pendingPreKey":{"signedKeyId":0,"baseKey":"Beqt1HPD01TTKvAk/oGiBnWj/3olaarLh53TIYfJxIhW","preKeyId":15372975}}},"version":"v1"}