{"_sessions":{"Beg596zWge3DDfAyY3BSQ9l7vGOdb04dp2efjXvaS3UH":{"registrationId":1854346820,"currentRatchet":{"ephemeralKeyPair":{"pubKey":"BfB3Cmlc+xkIw9k4dawgmvw3iZpqfBpgRefcKUs5Dxg1","privKey":"wNBhV2syPwrdfB+wSv91aHxmXBst6F53cNrrFfLi/EY="},"lastRemoteEphemeralKey":"BT+BTbDnRmlOkdnW6DZ4B7eYY0mNsI+GtqlSJZnYqcEp","previousCounter":0,"rootKey":"M986W+ypPGTuO1cURa0woQgjWYH4o3lQVIuRVGL/UGw="},"indexInfo":{"baseKey":"Beg596zWge3DDfAyY3BSQ9l7vGOdb04dp2efjXvaS3UH","baseKeyType":2,"closed":-1,"used":1737941412343,"created":1737941412343,"remoteIdentityKey":"BcgBCHZzC6oogpuW8jNnuwEMdLFYbkZo6vxFxrTtLMs4"},"_chains":{"BT+BTbDnRmlOkdnW6DZ4B7eYY0mNsI+GtqlSJZnYqcEp":{"chainKey":{"counter":0,"key":"E1CbOJHPHJeF4coN2HfBp6bP8gZx37zkqTYwRPQCwSc="},"chainType":2,"messageKeys":{}},"BfB3Cmlc+xkIw9k4dawgmvw3iZpqfBpgRefcKUs5Dxg1":{"chainKey":{"counter":-1,"key":"BaQBMriu/bLOtp6Qo4CfWhG8RL2RWYoJ96AM+T2ewZQ="},"chainType":1,"messageKeys":{}}}}},"version":"v1"}