{"_sessions":{"Bc0n5QcAcMJjYt00z0Xue4rzySlRJ3t9ZFkjfhIp1Ihr":{"registrationId":718774044,"currentRatchet":{"ephemeralKeyPair":{"pubKey":"BV4BLQSS8+zX/4SveC4yJYzl/eEL2qF3+6+pyJC84tlL","privKey":"6OZlj8DYsQhbgJiDzuQdxRpx/CFeiwiNjfm+Bgh4T2w="},"lastRemoteEphemeralKey":"Bc2mzG7NU2bEfe+dXPeORDBfA+GnRtj9Sfl7OUMvkJ9b","previousCounter":0,"rootKey":"ln3hA6C7j4YUPV9FFVCamJHnLpBnxxeEOGjGj+7H/N0="},"indexInfo":{"baseKey":"Bc0n5QcAcMJjYt00z0Xue4rzySlRJ3t9ZFkjfhIp1Ihr","baseKeyType":2,"closed":-1,"used":1737941412881,"created":1737941412881,"remoteIdentityKey":"BSi2pPkexM+QzPWgI4NetCAOyc23ooqqXwdVVznesKNS"},"_chains":{"Bc2mzG7NU2bEfe+dXPeORDBfA+GnRtj9Sfl7OUMvkJ9b":{"chainKey":{"counter":0,"key":"5K34YCXA597sgtNNYgBYXpuy3V3vO48r9v6bRPMScMA="},"chainType":2,"messageKeys":{}},"BV4BLQSS8+zX/4SveC4yJYzl/eEL2qF3+6+pyJC84tlL":{"chainKey":{"counter":-1,"key":"ro3gCZr62Ay3CV+nTWzRS61YL6I8dpwHG2P1ggrvzeA="},"chainType":1,"messageKeys":{}}}}},"version":"v1"}