{"_sessions":{"BUEhVaIPasbjezWtu8m+7ISjlG/8Let//zx30Zf+pxcL":{"registrationId":1951059285,"currentRatchet":{"ephemeralKeyPair":{"pubKey":"BeCLn0jjOVltfKGYznPQdwxgJn/LDhCSh57LemAI18JR","privKey":"YKgeohwf1OIyhQAUnP3CcSmFD+1lXytc6y2+9yTRq3E="},"lastRemoteEphemeralKey":"BRSDwPZ/Thuze1e6RLN1B1lnlnJmQF3oL+mRfeaEE+Up","previousCounter":0,"rootKey":"js5UCNzuVYYBBufRSNJxrbnL5yI+qp26vd+Y2BzFGk8="},"indexInfo":{"baseKey":"BUEhVaIPasbjezWtu8m+7ISjlG/8Let//zx30Zf+pxcL","baseKeyType":2,"closed":-1,"used":1737941412488,"created":1737941412488,"remoteIdentityKey":"BakdFMGrteSgOGyGSDIpNltxu3f1F0spEeC5MV7A+EoS"},"_chains":{"BRSDwPZ/Thuze1e6RLN1B1lnlnJmQF3oL+mRfeaEE+Up":{"chainKey":{"counter":0,"key":"mpE/krYQdjxITfH8t3mxilFkimLwbiXPjBOAdatO/TM="},"chainType":2,"messageKeys":{}},"BeCLn0jjOVltfKGYznPQdwxgJn/LDhCSh57LemAI18JR":{"chainKey":{"counter":-1,"key":"an8FtxumPe0eI+zyJLY5mKPyiI2zJF72QInNyFfhYLU="},"chainType":1,"messageKeys":{}}}}},"version":"v1"}