{"_sessions":{"BfigPgkaQfU+sWU0E1DHEOndniECsJbfRLeM5cW6yxZX":{"registrationId":42913383,"currentRatchet":{"ephemeralKeyPair":{"pubKey":"BSOZPLIW/K2v5WZwT4vbt0qb+ya9bbtclZyfdjfr7yZD","privKey":"WAR+2GrvNJ6tiUCGsAKzE9JCzqpz2WGB3/xaVMVasUY="},"lastRemoteEphemeralKey":"BQ0ovl8Jr6lcW0ABTD2my4e29Z0JDZ+PYh3aktrl3uNY","previousCounter":0,"rootKey":"TszmCawcugsYLmIqD8YeZR1FkhQRZTiA67dod5wuE9A="},"indexInfo":{"baseKey":"BfigPgkaQfU+sWU0E1DHEOndniECsJbfRLeM5cW6yxZX","baseKeyType":2,"closed":-1,"used":1737931213610,"created":1737931213610,"remoteIdentityKey":"BbpHMYbA0TP/d/22MOUJdtLdVY5g+xxVRBWDUgq/wspo"},"_chains":{"BQ0ovl8Jr6lcW0ABTD2my4e29Z0JDZ+PYh3aktrl3uNY":{"chainKey":{"counter":0,"key":"zmeAnQUPRz7xiOX+NWnIwIj9BmEnP3fleUg5DPgD7ic="},"chainType":2,"messageKeys":{}},"BSOZPLIW/K2v5WZwT4vbt0qb+ya9bbtclZyfdjfr7yZD":{"chainKey":{"counter":-1,"key":"NnU/VgUypYiJ4KiuwGUfmm85CyGsjRInp1XkVtADilg="},"chainType":1,"messageKeys":{}}}}},"version":"v1"}