{"_sessions":{"BQaGL7Rv7X46ATCnPlH2lCcg+EA4xmU/KOuokyKnNGgP":{"registrationId":2145865648,"currentRatchet":{"ephemeralKeyPair":{"pubKey":"BThedjyTWSnH2mfk6zNSlSixJtan9lI5GgpE2St9+GEh","privKey":"uMUT7WVt4KpKOMYxK1SAOLbDAeUbmx1VEsJzyG0smFE="},"lastRemoteEphemeralKey":"BdBFQNVWdTxuBBBc59xcQBh96pwU+dsf5h4ZmYy0sL5z","previousCounter":0,"rootKey":"pvaAkbe5Z703ffxOi4+idi8q20UIlMjnG/QHor8+0pU="},"indexInfo":{"baseKey":"BQaGL7Rv7X46ATCnPlH2lCcg+EA4xmU/KOuokyKnNGgP","baseKeyType":2,"closed":-1,"used":1737942389934,"created":1737942389934,"remoteIdentityKey":"BcLtuKanFbKKmfTtCWRvyNiivE8wUkWhx7wrDIGiZhlz"},"_chains":{"BdBFQNVWdTxuBBBc59xcQBh96pwU+dsf5h4ZmYy0sL5z":{"chainKey":{"counter":0,"key":"8EnZQxSjtBIwvo4w7IN+HnZEBa6GnM4ZNWTOeaqv4CM="},"chainType":2,"messageKeys":{}},"BThedjyTWSnH2mfk6zNSlSixJtan9lI5GgpE2St9+GEh":{"chainKey":{"counter":-1,"key":"W+0FoYJ0tLFn4TqYaEihIX9CufY9aJAeyGiIkCaZOCM="},"chainType":1,"messageKeys":{}}}}},"version":"v1"}