{"_sessions":{"Be0NgAMWZ5V04xGn8zfTKRsfe8wym8xcizs+qM+M+P4v":{"registrationId":1992702457,"currentRatchet":{"ephemeralKeyPair":{"pubKey":"BdXVN2/Td/XXXrxC+riVWH7LogZiqnpKLXK8TiUWCJZR","privKey":"4PtnkZ+QpTGMeBmxhhCTip6MkjBP8RtbyeNji9j/jGA="},"lastRemoteEphemeralKey":"BZOB6Y8lcdEL1ApuPhGZam9G0mrRIaGTQBGoh6Ee2L1i","previousCounter":0,"rootKey":"W+MGhMPYachM+VfX/vuGzNLmkTolI8drTqaaK+C5WQ4="},"indexInfo":{"baseKey":"Be0NgAMWZ5V04xGn8zfTKRsfe8wym8xcizs+qM+M+P4v","baseKeyType":2,"closed":-1,"used":1737941412321,"created":1737941412321,"remoteIdentityKey":"Be8mxOWC38JRa8oELbh1F4oCvfIpC3kufcwUHmCigtJI"},"_chains":{"BZOB6Y8lcdEL1ApuPhGZam9G0mrRIaGTQBGoh6Ee2L1i":{"chainKey":{"counter":0,"key":"8mAmMBY+4X5KWIYzljLVvsQKD1na2Au5rXKrg1z7v8c="},"chainType":2,"messageKeys":{}},"BdXVN2/Td/XXXrxC+riVWH7LogZiqnpKLXK8TiUWCJZR":{"chainKey":{"counter":-1,"key":"rLeK+T54IIZR2ZI7gHTBCssAY3/oYkIrbt7Y/GLzpys="},"chainType":1,"messageKeys":{}}}}},"version":"v1"}