{"_sessions":{"BTsSyeXhvBzAsdiFaOrVnqbfoP5UJLyDGrSts6bazEwd":{"registrationId":1798058684,"currentRatchet":{"ephemeralKeyPair":{"pubKey":"BRhjVETzlovYlH6oYXbemAcAnQv0pKo+wVITqJko1hJg","privKey":"4FCH40Y11kQjafKCMldxiuBKO9wkl6/jjyQ1DCR5M1g="},"lastRemoteEphemeralKey":"BU9byYYrtDoVjWbSZNx8rbzYpXHVxdEP4kMSVRTHrVUx","previousCounter":0,"rootKey":"d+Lq581Jy3VpCD4I48GuLuOdwX/VF1eAzlcY4SqKPXc="},"indexInfo":{"baseKey":"BTsSyeXhvBzAsdiFaOrVnqbfoP5UJLyDGrSts6bazEwd","baseKeyType":2,"closed":-1,"used":1737942772076,"created":1737942772076,"remoteIdentityKey":"BdqROgQCF1bY9XNRbFdZgePvoeGg1PSMYYC8ETo5tSp5"},"_chains":{"BU9byYYrtDoVjWbSZNx8rbzYpXHVxdEP4kMSVRTHrVUx":{"chainKey":{"counter":0,"key":"EfiG+2tYBtPvR1wPJ1QQxTe1HcgTX9ocp+KpRPIX8gg="},"chainType":2,"messageKeys":{}},"BRhjVETzlovYlH6oYXbemAcAnQv0pKo+wVITqJko1hJg":{"chainKey":{"counter":-1,"key":"SjVOoUlc3ssHu6b/sLJC22K3CBpvm9PyUgDwXRTf0R4="},"chainType":1,"messageKeys":{}}}}},"version":"v1"}