{"_sessions":{"BSTTfAph88uuMBMNPNwL4uLiH2eiSL3hMiZXoNBGgXkn":{"registrationId":100,"currentRatchet":{"ephemeralKeyPair":{"pubKey":"BbXr1mq/cwN7iFGSkxQ2sFOYvlvxaWymDYkHx5dQwBQQ","privKey":"IG/UI+ggVQd7ZJ04WNT7hpYZGxf42XGKGlaHdejLcmo="},"lastRemoteEphemeralKey":"BXSKVslPapqcA1wwyvC7JtbkpJeLz0YnadAd0gpTyKI6","previousCounter":0,"rootKey":"zy96bZROshuBkZmMVwkTITF5oPQ/mTKgYj92VLsRi1s="},"indexInfo":{"baseKey":"BSTTfAph88uuMBMNPNwL4uLiH2eiSL3hMiZXoNBGgXkn","baseKeyType":2,"closed":1737941413204,"used":1737941412040,"created":1737941412040,"remoteIdentityKey":"Ba50sLnTJU3ZV/BIwyGPRwjU+84qoPY390pEDAhWymJ2"},"_chains":{"BXSKVslPapqcA1wwyvC7JtbkpJeLz0YnadAd0gpTyKI6":{"chainKey":{"counter":0,"key":"SUMhh4/lVugf0kvwTVUyheWUz94fHLxc65KQAeDtGEw="},"chainType":2,"messageKeys":{}},"BbXr1mq/cwN7iFGSkxQ2sFOYvlvxaWymDYkHx5dQwBQQ":{"chainKey":{"counter":-1,"key":"2XaazUG3hVTbMGPj74GrbHxszafyDEwcX543DLB/6xs="},"chainType":1,"messageKeys":{}}}},"BfQbr9e7rA4af2WPyH2LcosgOPX01a3pfwf5Yqu5Oxku":{"registrationId":100,"currentRatchet":{"ephemeralKeyPair":{"pubKey":"BeLWD8l6bkIdvMZaVfvn9WPsgj2p82yYFfGq3t7MSIsm","privKey":"SOpBJsxW8TXVFPF3CUVJmaa4W0x86dNI3ACEMOAM9Vg="},"lastRemoteEphemeralKey":"BVMcZIu11DiOZ71B5iJ5xSHXJXFtEiV53sSNC1lofHN/","previousCounter":0,"rootKey":"KRGA8bMdHz8rH3VWOB5+Nfnw1OSLHVdRI4Mt0mVj4pA="},"indexInfo":{"baseKey":"BfQbr9e7rA4af2WPyH2LcosgOPX01a3pfwf5Yqu5Oxku","baseKeyType":2,"closed":1737944060029,"used":1737941413209,"created":1737941413209,"remoteIdentityKey":"Ba50sLnTJU3ZV/BIwyGPRwjU+84qoPY390pEDAhWymJ2"},"_chains":{"BVMcZIu11DiOZ71B5iJ5xSHXJXFtEiV53sSNC1lofHN/":{"chainKey":{"counter":0,"key":"GpCYQcWn8KXFPmgeSJnVCbueoXuIjwcD+b5Qo3ko4Zs="},"chainType":2,"messageKeys":{}},"BeLWD8l6bkIdvMZaVfvn9WPsgj2p82yYFfGq3t7MSIsm":{"chainKey":{"counter":-1,"key":"VKkgj/7slQJUgaOb3s2OxnOVAKZ9gLergsXTIwJD9Kg="},"chainType":1,"messageKeys":{}}}},"BTiyQImw8p8PnTU46Z4X2c+F56j2qTiJtDrotHuBOz1n":{"registrationId":100,"currentRatchet":{"ephemeralKeyPair":{"pubKey":"Bf3aDrcrMzObDYY0yPt39vY5holVazy+3STnA0rouMV+","privKey":"KAI29QOvHd3ghG25iVkTBXTMVdvtbuE2L7MI8GNSz0g="},"lastRemoteEphemeralKey":"BZqz/JRKYu4ujSPAu3BVRN3QJGQiKOmHwxGmKbD6VDdW","previousCounter":0,"rootKey":"CjzaACGLg9odaegm/TcyNix7eQdJR01Ny79eJxCgPz4="},"indexInfo":{"baseKey":"BTiyQImw8p8PnTU46Z4X2c+F56j2qTiJtDrotHuBOz1n","baseKeyType":2,"closed":-1,"used":1737944060035,"created":1737944060035,"remoteIdentityKey":"Ba50sLnTJU3ZV/BIwyGPRwjU+84qoPY390pEDAhWymJ2"},"_chains":{"BZqz/JRKYu4ujSPAu3BVRN3QJGQiKOmHwxGmKbD6VDdW":{"chainKey":{"counter":0,"key":"V+3E3RipfxO+j/WauTEt6C/6DSioP/g7yi5/ee9D7lk="},"chainType":2,"messageKeys":{}},"Bf3aDrcrMzObDYY0yPt39vY5holVazy+3STnA0rouMV+":{"chainKey":{"counter":-1,"key":"EaopJs2jtcU30QTcl3ZfwBqlqKOTdZ8XCmFNbHwlaMM="},"chainType":1,"messageKeys":{}}}}},"version":"v1"}