{"_sessions":{"Bawj5CKWZeXYIavRJyMt3J39TpHdmGrV2B+8x6CLrAIX":{"registrationId":972364203,"currentRatchet":{"ephemeralKeyPair":{"pubKey":"BWe2c5ftz3NLewSq9Vf98ZzZw8FHg5kY1Nw9iHY/IuMD","privKey":"mKrwa3bgv3sy4vQmwsUzueF0DZbEH9k93463x/YE1FQ="},"lastRemoteEphemeralKey":"BRR+iwIM418EG3M7IpeY2e0zY/NF46P+z1TwxBvUoGRI","previousCounter":0,"rootKey":"PMheClrx7TSQqmFY+nHk8KX3kkSlPuNFqc02QRcMnkA="},"indexInfo":{"baseKey":"Bawj5CKWZeXYIavRJyMt3J39TpHdmGrV2B+8x6CLrAIX","baseKeyType":2,"closed":-1,"used":1737941413329,"created":1737941413329,"remoteIdentityKey":"Bb3ASyZGAEoPc3z4EinBo7vXHVo3/84n2O6qFM/WPs5A"},"_chains":{"BRR+iwIM418EG3M7IpeY2e0zY/NF46P+z1TwxBvUoGRI":{"chainKey":{"counter":0,"key":"8b3ZQRJzSHhFTsu/Nv4yNbMG2IJcWtLwxcY1iRwYkVQ="},"chainType":2,"messageKeys":{}},"BWe2c5ftz3NLewSq9Vf98ZzZw8FHg5kY1Nw9iHY/IuMD":{"chainKey":{"counter":-1,"key":"cyxvy3P8V2CqATyZh8nVJRPAjJZ25l+GJpCJSEXaink="},"chainType":1,"messageKeys":{}}}}},"version":"v1"}