{"_sessions":{"BZ4ZmzP3balek4lLzypKcQIM72Tfjf5bURmxXnyRutUg":{"registrationId":1193375061,"currentRatchet":{"ephemeralKeyPair":{"pubKey":"BSa6YTS93MuM5R9fdlw9jN5Zd8Bc8blX0KP4qsZsCJsp","privKey":"gL4qpUb9e6Yqkklad1Ee6hNqsLMSeu+Y+Wlxvt08Klk="},"lastRemoteEphemeralKey":"BcvaEKs+WJMTDHuN83+eTogW3FqmdnUyP0zGWLlCb8s4","previousCounter":0,"rootKey":"E4eOOZwv2BU6S/8qKgzrOxCzr74j+mzOyi713fFhhZ4="},"indexInfo":{"baseKey":"BZ4ZmzP3balek4lLzypKcQIM72Tfjf5bURmxXnyRutUg","baseKeyType":2,"closed":-1,"used":1737941517253,"created":1737941517253,"remoteIdentityKey":"BRdRgpin7q0z65GZ6KDiNEr3gHJnSTY9qS64KvKpiWYC"},"_chains":{"BcvaEKs+WJMTDHuN83+eTogW3FqmdnUyP0zGWLlCb8s4":{"chainKey":{"counter":0,"key":"nwJZve74iunXXtM4dXF1kYt6QM4uwVw15lwGrSoLDRQ="},"chainType":2,"messageKeys":{}},"BSa6YTS93MuM5R9fdlw9jN5Zd8Bc8blX0KP4qsZsCJsp":{"chainKey":{"counter":-1,"key":"lTbsT8x7z60GIgp0vvyWXEYz0vjU85OvaqRh0Y9sQ2w="},"chainType":1,"messageKeys":{}}}}},"version":"v1"}