{"_sessions":{"BQQZ67hrRbj0hzeV5yVWSdQckqwpsr1TAc1Z79ddd5Zn":{"registrationId":235314896,"currentRatchet":{"ephemeralKeyPair":{"pubKey":"BXHc9S8JxdHN6WSSa8jkQDQILuPENtGv+7OfE6d30Bwy","privKey":"iMXPyaQoSrya2zjg18h+yig50QtwCZnxlPjYe04ZZmE="},"lastRemoteEphemeralKey":"Be3afx2qfqGPnG3MFle7k9kBIO6EgM7tHRLshWyD8kZv","previousCounter":0,"rootKey":"9dgwxsOGrYZhD6ZbpGwyUasxlQPRbc+3VW3pFLsYQOI="},"indexInfo":{"baseKey":"BQQZ67hrRbj0hzeV5yVWSdQckqwpsr1TAc1Z79ddd5Zn","baseKeyType":2,"closed":-1,"used":1737933723453,"created":1737933723453,"remoteIdentityKey":"BRFBzQWWsRYv1koAlaDbI0pUS29cclpYEN6NK4iK6QBi"},"_chains":{"Be3afx2qfqGPnG3MFle7k9kBIO6EgM7tHRLshWyD8kZv":{"chainKey":{"counter":1,"key":"lRf1SmWyJ7aNbmW9IeMrpGdwm4U/CY1uroTuLSnWbvc="},"chainType":2,"messageKeys":{}},"BXHc9S8JxdHN6WSSa8jkQDQILuPENtGv+7OfE6d30Bwy":{"chainKey":{"counter":-1,"key":"NPjuUiZrF8g6/QSUv1ik2flikEaKYxXxkj/yoUcPfPc="},"chainType":1,"messageKeys":{}}}}},"version":"v1"}